image_name,xmin,xmax,ymin,ymax,class_id
001f8cf0-50a8-4181-af5e-053020a18a2b.jpg,54,121,26,90,2
0179644c-5731-481e-8701-a00b4ff6e410.jpg,118,149,84,140,1
01a899a2-c7e4-4e31-b14b-1b0504c1aed0.jpg,162,195,37,70,1
01f49c15-9cf5-451f-baa2-d6e2b46a1f16.jpg,39,83,66,114,1
023767b3-ae35-4093-aa61-bf68bb6830ad.jpg,17,62,6,38,2
027926d2-9ed7-4256-84b8-98258df0bf9b.jpg,164,196,34,71,1
02819694-2b13-499d-81af-20ac676d5fb4.jpg,162,186,50,71,2
02be0002-fe93-478c-9a72-83390d2479af.jpg,123,191,13,87,1
02cbd3a2-c620-4cb8-9ac0-855426927b0a.jpg,39,109,4,85,1
02edd084-bb17-476f-8a73-7589705cc881.jpg,25,90,37,110,1
03d8ee6d-a59f-4bba-9cd8-9fe7ea048cac.jpg,210,236,50,74,2
03dbe126-ae4d-4480-813a-33a54d5a2f88.jpg,204,224,47,63,2
04252e03-badd-48f6-98d9-e0b9e62e4c6f.jpg,164,184,50,72,2
046e49ea-60c7-4846-a92a-7e15259af7d8.jpg,164,196,34,70,1
04d64543-9c8f-4730-b439-dff0e85d6e7c.jpg,42,91,82,129,2
04df4c68-105b-4979-a3e9-c4ea328a9508.jpg,163,196,33,71,1
054a2b13-4370-4d6e-b11b-d5552b4852cb.jpg,161,184,49,70,2
05702e85-2dd1-4b62-acab-8889d0269545.jpg,30,72,27,61,2
05816de2-3ba7-4f2f-9059-5a50423e361e.jpg,20,68,12,61,2
06a22f13-3975-4c9d-bcee-50ffe10b6d81.jpg,159,193,36,72,1
06bca063-6a3a-4698-9525-d42691b637b4.jpg,178,218,48,86,2
07065be3-9a78-4232-a598-ebd2a97ae4d6.jpg,201,252,0,49,2
0725115b-eded-4108-a6a2-b72f9d924b43.jpg,109,170,35,94,2
072c5976-ecc2-498d-b4dc-2a8d82591b1b.jpg,58,128,20,100,1
07806ba6-74e5-4be8-93a8-a54d376b3b9b.jpg,157,191,37,71,1
07c5e80c-325c-48a4-b163-ccd6cd0f8935.jpg,12,76,29,76,2
07f56b0a-8181-47b9-9419-8ed954d4fade.jpg,144,206,34,95,2
0a303c29-ca31-4a0f-b251-c0dca86495f2.jpg,161,185,50,72,2
0a6dbfaf-4c1b-454b-822f-0d58b5b14f19.jpg,174,207,42,85,1
0aa53dfc-d29a-4de0-8f8e-71964f2b6486.jpg,107,170,57,100,2
0b778cde-8868-43e3-b55e-2bd95293e728.jpg,162,195,34,71,1
0b77aa55-9640-4d90-951f-80883f022acd.jpg,140,157,48,63,2
0c091b76-c675-46e9-9472-20888758db05.jpg,117,192,0,78,1
0c0a4825-fef3-4bac-85c0-98989b839abb.jpg,21,74,50,103,1
0c73749a-c40c-451a-90bc-507f270cd590.jpg,34,123,42,106,2
0c982e46-ec36-4de8-9bda-a3513b168549.jpg,152,194,43,82,2
0c98c285-b88f-4c21-a6c9-c54639a8af10.jpg,29,70,27,57,2
0cfe2988-3bc9-4867-b879-a8978eff0a8c.jpg,127,173,93,136,2
0d18ef1b-87bc-49eb-a070-fecdd44b4889.jpg,164,179,47,60,2
0d20d2ff-c0e3-4772-8ee5-936ce4539c3f.jpg,131,256,13,144,1
0d8079ea-0afc-4649-bd1c-95b1ed398461.jpg,162,185,50,69,2
0d8c6276-57c8-48f4-9ab9-2a41c7b82aae.jpg,156,206,19,79,1
0de23655-abd9-46c0-ac0e-7715acad1854.jpg,151,209,14,82,1
0e049cfd-058d-4baa-a2f5-d7739f6fdde0.jpg,156,191,38,70,1
0e3cbfe4-3c18-4ec0-a4e3-0c69034110f2.jpg,161,185,51,73,2
0fa81c2c-392b-4064-91ce-6f657e9b8cf6.jpg,141,172,83,119,1
0fb219b8-f398-4704-b377-fd530afc3e38.jpg,150,203,58,101,2
0fd81525-d39b-4ce0-8180-e747db055c71.jpg,32,70,58,89,2
0fff7964-bbcf-42af-b26b-8c6bb84ed74e.jpg,160,226,28,122,1
103c9f1c-7041-4fc6-82b1-b24a0203d0f3.jpg,96,163,42,110,1
10b40d11-b559-41a9-a4d8-932f125f12ff.jpg,46,72,0,30,1
1120564c-8e5c-4ed5-aa5d-3d9e5a730bf0.jpg,72,130,26,94,1
11401b21-1c7c-4367-8c9c-e0555b8c35b1.jpg,191,239,28,70,2
11811a13-3b2c-4ce7-bc7b-7c3f5fc45179.jpg,49,102,42,113,1
12b4a2d1-9c79-44d4-8367-d04b535d65cc.jpg,83,166,50,113,2
12bde904-cac1-4e8f-ad38-58ecd941bc16.jpg,5,53,73,109,2
1366bd84-9852-448c-b093-a331c1199dd9.jpg,179,232,22,73,2
13bc4c5d-7bb8-4197-a7a4-0fd0b6b2b296.jpg,69,108,46,84,2
13e04353-34b8-40ba-ba45-66e507c4f5a2.jpg,172,196,49,70,2
13eb55b3-c7c3-4bdf-a0a0-2118947bfee8.jpg,157,180,49,71,2
14510ccd-029a-4d5d-bf8d-7a7b2462e2f3.jpg,150,212,8,82,1
14dd84fb-3356-4deb-99f2-fbf1f4b5a9c6.jpg,148,171,50,69,2
14e9dfd2-acb6-4e90-91c6-f0223e2ee7cb.jpg,147,215,3,88,1
15b0049c-b3db-4838-8c03-fddd7a5d5e26.jpg,40,94,70,112,2
1613a181-f5bb-4839-a47b-4f1420eb94de.jpg,168,198,37,70,1
16272241-13b7-4df4-aca6-99f1298638b4.jpg,166,197,39,69,1
162a1f28-63fc-46dc-8e13-86829bd2f0ad.jpg,0,73,36,89,2
1669221c-cafe-46e0-84dc-ff5351dd3c75.jpg,162,184,49,70,2
16935cd8-240f-4ea1-9943-a9f8c89e6a95.jpg,110,156,66,99,2
16a8de04-acb4-4604-9c49-26c7c6304840.jpg,173,235,17,93,1
170923ae-b32f-404f-a254-4ed76a4c6c48.jpg,161,185,49,70,2
17514cec-4f8a-47b6-bccd-507d7256c0d1.jpg,2,100,39,108,2
17662183-951d-42b1-8b12-943ee1ba3356.jpg,164,203,103,142,2
1792fbb9-d764-40fc-93df-ed825e2fb673.jpg,82,138,58,99,2
17b4e8a7-1cd3-4697-8008-2158d2e20618.jpg,56,103,51,96,1
182a3279-9880-40be-a3d0-4e88ab6dab11.jpg,10,137,0,144,1
1902e106-ee5d-4a9a-b645-3cb8ec4e53fc.jpg,162,185,49,74,2
198fbe8d-69a2-4aa4-a876-8a57327351d9.jpg,191,237,5,55,1
19a2ccc5-1f58-47d6-8235-ad8c98daf30f.jpg,36,90,34,91,2
19f6b882-d838-4709-8460-6d2add99e9dd.jpg,135,182,22,55,2
1a0cfccc-d789-4d22-ad8c-3d52599d16d8.jpg,129,170,108,142,2
1aa0159a-2d34-409a-8d3d-f7062accfb91.jpg,91,146,48,104,2
1aa72831-1bc4-43c0-bbc6-108361bf0060.jpg,30,106,5,79,1
1ae9b907-1c36-4e6a-bf16-50aa2402e6a4.jpg,23,65,74,107,2
1af5afcd-b7fb-45b6-b073-2fb151db25e2.jpg,169,212,59,102,2
1b1afc06-3eeb-419f-8f8f-51c5b61546ef.jpg,178,211,114,143,1
1b2e5184-d301-4976-838c-62abc9c5a458.jpg,154,194,43,79,2
1b36b089-fe96-4346-861b-bef4fd538294.jpg,95,153,3,51,2
1b3f2b9b-4e42-4764-b93d-40274e9193ac.jpg,118,149,110,144,1
1b889b54-dfa0-4601-8871-9929a20e9e24.jpg,56,93,45,79,2
1bb54d7e-7901-49e8-885b-ae0c9133921d.jpg,162,186,50,72,2
1c8e5810-ecff-4b33-bc9e-ed32d9211821.jpg,121,192,57,117,2
1d54e3b4-2164-45fb-a5eb-011df378feea.jpg,19,77,19,87,1
1dd5dffb-a1ce-424c-8262-9159c0b1693b.jpg,85,162,72,130,2
1ef92ced-7880-4188-abaf-1eafc099383c.jpg,194,216,49,69,2
1f1f1d82-74f6-4edb-ad3f-a4a68e5451c3.jpg,146,185,46,81,2
1fdc152e-aa0d-450d-895f-5b58898e04b9.jpg,159,192,36,72,1
200e8c80-7f57-4e33-a571-e5366cefe012.jpg,63,116,80,144,1
20167fce-b404-4483-b965-bfc29a71e7c7.jpg,7,98,6,101,1
201f328d-641e-463e-905f-0bec7d40ab99.jpg,161,184,49,71,2
206901f6-ce11-4919-ac05-90cce2461bc7.jpg,17,69,12,56,2
209d8bcc-4a22-43b9-bc95-ea20d17eaf72.jpg,155,214,25,91,1
211c0524-6a1f-499a-8396-c69960eff5f0.jpg,162,186,50,71,2
215f7a92-00dd-4fbd-a274-e0b866b61d9b.jpg,161,184,49,69,2
2174e4a5-61bb-4b2b-a317-8e20a348708f.jpg,48,80,40,81,2
21b635ea-b10d-45cf-9e61-40432eeca5d6.jpg,161,184,48,72,2
223ece4c-44d4-4c5f-bc11-653be09d6815.jpg,42,96,63,129,1
2350349c-27ce-4bfd-926f-3a65592a9ef1.jpg,124,146,50,70,2
23ed5a03-8fb5-4b21-b161-fd24a7673041.jpg,150,198,39,87,2
244f05f3-0fa8-4bd5-a077-d9456be1df3d.jpg,73,123,38,73,2
24b0e197-16b8-4f27-a94a-3530c8733d5b.jpg,50,92,56,92,2
24eb32da-76c0-4c82-b9ce-936a4d2b0a31.jpg,96,165,46,119,2
24f8ea3d-169d-486b-875b-890a62e6dcb6.jpg,115,145,24,60,1
25128e28-0155-4296-9a27-bdf1c6a8eec4.jpg,147,185,40,73,2
2579cb31-fbb6-4d58-bd9a-4e13050cdd2e.jpg,49,132,2,112,1
25d81c5f-0c57-4c29-8ac4-5dd2c69a4e9a.jpg,21,80,46,123,1
26167e08-57d1-464f-84d7-083f67812456.jpg,164,196,34,71,1
26687ca6-48af-4c5d-93a1-46a88769c5d6.jpg,97,144,33,73,2
269fb2fc-e194-49eb-a68d-e746035386d0.jpg,21,77,5,48,2
26f11b47-8f44-40ac-ae95-32d5c8a4004d.jpg,25,72,36,81,1
271d27da-3be6-4f69-af7f-472ad271ebaa.jpg,57,100,32,73,2
27a2bbfb-ba82-4477-ae4d-20aa1627433b.jpg,160,198,78,142,1
27a2eeb4-edea-4a17-b4a5-00c0c6f67174.jpg,164,197,34,74,1
27ff398c-44de-47a6-8b2d-3e4071eec741.jpg,135,207,3,94,1
281b6c77-4f6e-41d9-a7f2-6672a3a88633.jpg,150,196,40,84,2
281d7ead-edd3-46cb-aae8-710705d069af.jpg,54,96,22,58,2
28244cbe-6838-4f51-b7de-b6ca1e39aa68.jpg,156,246,47,139,1
28312029-46d6-4c5e-9d09-d879338e825a.jpg,165,197,34,71,1
28ce4f65-8314-41a1-b52f-4cab6abe1312.jpg,60,116,33,83,2
29127152-ce05-425c-aad8-79d859863458.jpg,1,75,69,126,2
2952f336-4f1e-4598-a4e9-c9f8883682cf.jpg,29,94,62,119,2
29c8cca5-fb33-4cae-ab46-fc1c3af833f8.jpg,169,185,47,62,2
2a93fc2e-b118-4332-94e4-963922898831.jpg,166,202,101,140,1
2a9ee5c0-e268-4c46-90b7-f2e734830780.jpg,133,173,64,110,2
2b56c21a-2a6c-43e6-b3b3-e662b277791e.jpg,47,102,52,108,1
2b857f09-8004-4446-bd28-4ae07e7e8622.jpg,155,188,85,123,1
2b9b427d-710d-4523-a3e2-5a455e7f4239.jpg,127,171,37,100,1
2bba695b-bb24-47fe-9018-7a12b3e3db4e.jpg,51,89,71,101,2
2c0ddff3-b0d0-45c8-94d9-fbf87831c3d3.jpg,165,182,46,61,2
2c5cffb0-d136-4ed4-9fa8-931ea214c174.jpg,3,74,31,106,1
2cde7f10-51dd-434b-9f0c-e8858527eef5.jpg,147,220,49,125,1
2ce5e82f-115e-4ce7-9b16-100041c579f2.jpg,154,205,18,75,1
2ce73192-485c-4be2-9c65-93869e292568.jpg,0,69,29,105,1
2d8b8201-4b9b-4fe4-859b-eccdd12737a9.jpg,161,185,50,74,2
2e2a093a-f99c-4a38-a2ea-d9dc563cb96b.jpg,156,195,37,71,2
2e53bbad-d4a5-4e6f-8cb4-065bbcece36a.jpg,166,189,34,72,1
2e613eac-0670-4480-b920-90bb75b03710.jpg,108,188,53,144,1
2ec68abf-a8c6-4797-8d66-aabf3f3eb3e5.jpg,145,195,36,97,1
2ec84da7-3aa1-441e-ac12-17c18ff900a4.jpg,160,184,49,74,2
2ed5fc04-bc5e-498a-9ad2-06e3198a922a.jpg,161,184,50,73,2
2eec960b-6648-4e4d-8083-3d826c21e538.jpg,164,196,34,71,1
2f2984f1-f171-44aa-809f-fc6910817668.jpg,0,52,10,59,2
2fd0ee5c-5306-4249-b840-8e4531bb1693.jpg,1,60,9,57,2
30348d4d-95e6-41b6-89ba-fd3fb7574803.jpg,165,199,37,71,1
3035f62a-7eb9-4965-99a0-652a4b672a18.jpg,0,59,0,59,2
30c4bd5e-31e7-4ff2-8017-5e61af15f170.jpg,162,184,51,70,2
30d5501b-19c7-43b7-819d-bad617a975bd.jpg,1,70,55,121,2
31351b94-325c-4b8d-999e-2b2c70cff38d.jpg,161,185,51,70,2
3154fa2f-9d54-4123-8c77-12b8c800fa64.jpg,167,198,35,72,1
317192c4-5b3a-46a3-adde-ad877ebb724d.jpg,19,130,28,116,2
32dc41c3-bf36-4383-8d0d-c7a0d5f94172.jpg,197,212,46,59,2
332bfada-f0d2-4810-b919-f43d55d13f56.jpg,204,253,22,68,2
33476d5b-b1eb-484c-a46e-a655013d3413.jpg,80,144,0,50,2
33562bd0-6ef1-4121-9f29-7735d88ed48e.jpg,161,184,49,71,2
33bccb1e-e5f3-41f9-83c5-2cc44f481469.jpg,162,185,50,71,2
33f11c3b-c4e6-4257-bcf8-99392ce6b16b.jpg,144,181,50,87,2
34133be4-4f1f-4c96-a582-294fa377efd0.jpg,131,161,37,73,1
34187b4f-fc35-40bb-aa07-30df01d62f25.jpg,166,196,34,71,1
343607be-9301-4fbf-9f84-56bc73552239.jpg,50,76,90,121,1
35047ae3-5527-4cd7-a421-c02455541ed5.jpg,64,144,56,143,1
3555d9f5-ca48-4319-83e4-37a976e22660.jpg,113,133,50,68,2
3569a3ef-37af-469d-aeeb-88b38ffed06c.jpg,174,219,67,112,2
35d58086-3da5-44c0-a0d5-29c77b7df714.jpg,161,185,49,72,2
35e15aca-d9b2-47de-a61c-a4cef9e2d6c1.jpg,70,108,69,110,1
35ffb084-d08b-4f23-a72c-ee79eea2fc99.jpg,174,211,85,122,2
3606cacb-4851-4168-a14c-59d8d8b990be.jpg,162,185,50,69,2
36156408-6955-4573-bdeb-516ec29b8e10.jpg,128,147,49,65,2
3644d04b-517c-4b09-8a28-692919731dee.jpg,13,76,39,90,2
3724738e-d3f3-46db-a6ac-bbf3f2c66063.jpg,78,127,18,81,1
37687f20-01ed-46d7-b38f-a790703fe6e2.jpg,153,193,83,120,2
3770eafb-9cb7-46e6-aec1-064e3da03f19.jpg,160,186,50,75,2
3833569c-4c1a-4077-8313-6b5558dc9149.jpg,166,196,34,72,1
3862c64a-3ca3-4ce8-89fb-e72572c2cb48.jpg,161,185,49,72,2
38828fd6-6dff-455c-8b76-1b7b66d00f89.jpg,82,163,49,140,2
38de394f-a9ce-4584-a642-119286159310.jpg,164,196,34,71,1
38ea2242-51d5-41ba-b343-e0ae89d0ff83.jpg,188,226,76,112,2
3924fc3f-6b53-449f-9640-08cb4bcd6e1f.jpg,162,185,48,70,2
392bfce2-115f-4e84-accc-5d0e54813bac.jpg,167,197,38,70,1
39500556-e907-443c-bd5f-766a11f32c3a.jpg,164,192,34,71,1
3952e1dc-acf9-4976-9914-8e92b692ceaa.jpg,161,184,50,71,2
397b1a72-f0fb-47d0-860d-112e1e130507.jpg,36,63,52,84,1
39a16840-a413-48ad-b882-efbe8ff607ee.jpg,150,199,33,94,1
39a6bcd1-b5b0-4002-b7b9-f46cf12800b9.jpg,116,192,45,111,2
39a97e25-47a1-471b-a57f-5d3f23ad877b.jpg,185,216,19,51,2
39aa77e1-bada-4a8c-b429-cde8550554db.jpg,164,196,34,70,1
39ecb98e-b3fa-485b-af23-668320604791.jpg,99,149,48,82,2
3a0b2069-95a0-4f04-af08-93ff776c5d54.jpg,0,72,15,78,2
3a47cd1d-bfff-415d-ab11-e2536c7cfc0c.jpg,160,186,48,74,2
3a63aff4-7df2-4dac-9986-305713272497.jpg,184,200,47,60,2
3aac215e-4732-4e2e-8ed5-5144d54923ba.jpg,111,182,64,133,2
3af18bb5-587d-4672-8248-e0b19a79a7f7.jpg,163,196,35,70,1
3b05e4c4-44a9-427c-84cd-19999a5fbf73.jpg,157,191,38,72,1
3b0c3092-bf11-4af7-bd2e-bac164b654a6.jpg,173,256,65,144,1
3b23d63b-6198-4d72-9bcc-25753b50d7e9.jpg,159,204,58,102,1
3b676bd0-631b-4bd2-a5a2-719186d9cafd.jpg,143,186,93,137,2
3b7d3740-b0e9-40a3-bdba-1cc56b42f3a8.jpg,134,173,76,142,1
3b818fb8-5040-4497-b358-a8f064ab8cad.jpg,12,57,68,103,2
3bd91cc5-d863-48f0-a772-dfa734492628.jpg,129,181,44,107,1
3c0e471b-4f24-4264-8d9a-39998ce1d128.jpg,54,113,44,117,1
3c5372ce-bf10-426e-be96-a46237b34567.jpg,161,185,50,71,2
3c8216d9-0b7e-44bd-8e90-cb2e199abb15.jpg,0,53,50,132,1
3c8ed503-a616-4856-a20e-f5cd09f34c21.jpg,161,199,28,73,1
3ce16987-e34d-4fbb-90fa-195427d045ce.jpg,0,51,31,82,1
3cedab00-3199-44fc-8a43-2f2fc7e2d1f1.jpg,159,192,37,71,1
3d30fdcb-d3bd-47fa-8e01-cbb8a0391372.jpg,112,192,25,92,2
3d41b3d8-f128-4ae2-a069-636e66958ded.jpg,27,92,47,103,2
3d50c4ec-3feb-4229-b020-7be70494a57d.jpg,18,60,35,80,2
3d82a72c-7c59-4908-ab6e-da0dedcd0318.jpg,53,101,25,85,1
3db6bc82-0383-4847-b92e-9a7f31add6b4.jpg,161,242,47,126,1
3e7c3c77-c2c2-4652-8f71-1e34a85cce08.jpg,63,89,0,26,1
3f33cd67-922b-4645-8817-e2dbfc5a1457.jpg,76,138,59,128,2
3fb7dbc6-15c5-4c4e-ace1-47e378e80f75.jpg,162,256,0,106,1
3fb9292e-e4e8-4ee5-8cae-5622cccafe97.jpg,156,173,48,60,2
3fd6cdab-03b4-4ea4-b847-b0e5e0af9a3e.jpg,162,184,52,71,2
40023578-e6ac-4892-9f89-614e130ebbc3.jpg,168,188,35,71,1
41317c66-dc2c-4428-ac0c-af0ac4a11fa2.jpg,164,196,35,72,1
41380d4c-9398-4f31-89c2-9ad4f879e261.jpg,62,137,31,130,1
4138d877-a050-462f-a719-d0d5a48abadf.jpg,163,195,37,70,1
414c9817-2d01-44ce-9d8b-9d682a694819.jpg,172,188,47,62,2
41744680-1391-4400-80b1-5c6be6b493f4.jpg,162,196,33,73,1
417462a8-5840-424c-be39-d04f99406b3d.jpg,73,101,4,39,1
4285c1df-485f-4fc4-8b9a-879f0ee3d1c7.jpg,167,234,16,91,1
42ade074-77a3-4521-9970-ccf98e6ad40b.jpg,24,50,98,130,1
42d4190b-00f4-44c5-83c8-e603d43de189.jpg,129,192,24,99,1
43236a1a-8068-4636-af02-d310b87a8d77.jpg,145,219,0,85,1
43644c79-1bfa-4d64-b7e5-48081340fbb3.jpg,156,201,90,136,2
43817bce-16b1-4193-b01d-e00b78e5d852.jpg,162,185,51,71,2
43efacaa-741b-400d-9a29-cb740a3dd94a.jpg,27,65,26,104,1
440ec7c5-b44d-4a3d-8d45-ce4bd8bd115e.jpg,57,93,49,71,2
4487a978-36be-48c7-88c2-b1a18200c9a4.jpg,19,92,70,143,1
44dad1a3-eb1a-452f-8ce6-7eb319b9ba90.jpg,155,195,42,83,2
451ef9d5-374b-4310-874e-52872cb5e767.jpg,162,184,50,73,2
459aa2b1-3782-4f14-9e6c-6682e08aed05.jpg,45,96,91,133,2
45a51abd-c5b2-4779-9a05-22cce11c6dc3.jpg,140,171,65,103,1
45c39afe-b0e0-4db9-a985-32fce99dcba6.jpg,143,206,35,95,2
45d65028-b16c-4120-aec5-76431d2a86ec.jpg,1,25,70,101,1
45ea6f19-3316-4f99-aa13-1840316bd1d8.jpg,19,80,25,91,1
4679ac06-85aa-4fa9-a31a-bb69f2a493fb.jpg,162,184,50,71,2
46b7a04b-dfed-45dc-b150-2809ee897542.jpg,111,158,74,112,2
46f6de86-8646-415e-ac8e-112847abdfb2.jpg,157,173,47,62,2
470cc486-3e2b-4e15-be67-09a07cceea6d.jpg,168,197,35,73,1
47453c5a-8b43-4864-8c06-656563b38feb.jpg,29,77,53,103,1
47dbcf6e-52a5-45ca-a117-72680b2b6432.jpg,160,178,47,61,2
4822ac52-bc15-47c2-9954-56180d782cb4.jpg,48,103,10,64,2
482840d1-60a4-4b33-ab72-ceae9b9c0665.jpg,148,200,38,90,2
4868f5b3-7d8b-4f6b-b9eb-6b2dde5c0da5.jpg,49,151,72,138,2
48a352eb-d71d-4fe7-b08b-0264dab05a06.jpg,123,181,65,114,2
49124b47-c03c-441f-ac7f-214dbc1ba117.jpg,188,223,78,115,1
49365036-fdbe-43ff-987b-3bdeb5e4e7e9.jpg,99,129,86,123,1
495a4c03-ea44-452b-bac1-37e2b24dadcb.jpg,162,186,51,72,2
496de96f-34c6-4554-b574-d03b83551c5b.jpg,60,109,64,106,2
49ad90a5-9cdc-4ea7-a987-d0482cca2397.jpg,162,185,51,70,2
49c95236-73f7-4c58-a747-c789c4d3aa96.jpg,126,155,27,62,1
4a0a5e6f-9747-4eb0-aaa9-0efe097bf20e.jpg,158,189,47,75,2
4a2f1010-98b8-49d0-8c63-fb5492df901c.jpg,12,66,46,87,2
4a9002bd-0c0c-4350-909a-14fa028963a7.jpg,160,185,50,75,2
4ab9b735-f9d5-4c25-ba0b-733c76c5dd17.jpg,164,197,33,72,1
4b3d204b-c068-4565-9b44-c804baad1dfd.jpg,159,185,47,74,2
4b825cf4-4fbe-458c-b225-54ace1a9dd5b.jpg,161,184,49,71,2
4bf36bc8-730c-43ed-a2e4-a329dfe1ab17.jpg,161,199,29,74,1
4c2563ac-d895-4098-9004-2253eed0b767.jpg,42,94,48,108,1
4c2bda5b-39bb-4ddc-ae99-cf178f8a1e78.jpg,144,168,52,70,2
4c695473-4f1c-4dee-af76-4253278321ad.jpg,55,172,48,131,2
4c8bec8d-b46f-4c85-b979-400a74a9bbd8.jpg,13,93,21,107,1
4d4aa65d-3761-4381-9ec3-86680416c7ba.jpg,160,186,50,72,2
4dd5901c-533c-4562-8471-ce2231227ee7.jpg,151,175,50,68,2
4fb2d411-f8cb-44a1-9f6e-80a919309816.jpg,154,192,44,81,2
4fd962a4-540f-4483-9e95-8f9c4a2d14e9.jpg,21,47,46,78,1
4fd99a81-d755-4a0d-8926-b5034112cd40.jpg,105,159,79,139,1
5018a0b3-b732-4d70-82fc-61a833852348.jpg,160,185,49,74,2
5019d949-747c-465e-af59-cd99ce740b49.jpg,144,204,35,90,2
502eb4ef-8d8f-43df-b07c-19789562b65c.jpg,70,98,53,87,1
50d282bd-8910-4a83-be05-638c76f040a7.jpg,191,235,54,104,1
50e64618-c31e-4ae9-bb78-7d204c526ead.jpg,53,79,75,109,1
51916cea-132e-4ad7-b783-7abeb707f9b5.jpg,171,206,62,98,1
51b425f5-a093-43a2-8aeb-e8b76f24f13d.jpg,145,219,0,90,1
51bd6952-b31e-483d-a3fc-42b7a656cc96.jpg,6,74,34,105,1
51c50539-dd0d-43f4-aca7-e3d6a78bd80c.jpg,166,189,34,72,1
51fb4221-de3b-48b2-a38d-ed39b136c883.jpg,158,191,37,72,1
525e7be3-c932-45f3-af46-a46365b9cdc5.jpg,162,199,35,68,1
5274afdf-0bd5-4d57-84e3-2f883bd249c7.jpg,47,81,40,80,2
527e4d7a-a789-4e6d-bc40-9b2a2127073b.jpg,165,196,35,70,1
52c2cd19-e2b0-46f4-b40b-a772a9e869a5.jpg,5,74,32,103,1
52f9fd2b-b816-4220-ac14-352ac5071fb0.jpg,188,227,53,89,2
5308cc9c-c6e1-4a6a-9eff-7e40431f74df.jpg,125,146,49,69,2
5327c0f0-478c-46a7-9539-ccf4a01acf9a.jpg,17,64,69,111,1
532d1ab4-b73b-4ecd-8543-4f1d30f243b2.jpg,87,172,36,112,2
535651f7-6eee-4e74-b958-1a95c7ec342b.jpg,0,49,0,45,2
53c9e4fd-2038-4498-8658-b95504466178.jpg,149,200,38,88,2
54156e4d-79ba-4a64-98e4-894c0a9db85b.jpg,99,162,0,62,1
542b2425-14ba-46fc-984c-60d2944b794f.jpg,113,180,84,130,2
543aa300-da26-4a57-bf2b-ea1a14ce1393.jpg,147,202,37,88,2
544c9943-501b-4a96-a5cc-f26b715a8634.jpg,41,85,62,106,1
5453662e-8562-4382-b5b7-89b9d76808cf.jpg,11,40,0,28,1
54841f13-59e6-49b3-9c1d-ee4fcfe50725.jpg,186,228,38,102,1
554823b8-85de-4dc9-8cb2-79ec0d748151.jpg,159,193,35,76,1
554c6d31-76fe-4d08-849c-d370b2789775.jpg,160,184,49,74,2
55cdb001-bb85-4f32-a0af-d1941e4e9895.jpg,160,185,50,75,2
55ef0ec6-fad6-4737-8294-2d4fafc4556d.jpg,106,166,66,136,1
56424410-9a85-42fd-8e68-c95da2178d41.jpg,69,124,69,118,2
569196ce-52ff-44ff-ba8a-f4dd2daa3469.jpg,162,185,50,72,2
56c12ed4-553f-4019-9815-dd4b95996336.jpg,164,196,35,71,1
5784c9cc-01a5-412f-ac85-ab3078a6617d.jpg,182,251,31,129,1
588845bf-f4b9-40db-b12b-05f515b625b3.jpg,98,142,78,110,2
58d6f440-4a7b-4e73-a20c-c1668dfcee2b.jpg,159,188,48,75,2
59203a66-c18d-49fd-b5fa-dd7bed175e88.jpg,142,222,0,90,1
593257f5-d977-4789-9001-b3a2f4778def.jpg,140,200,77,143,1
595919d8-a920-4bd5-857a-7d1b9db09ba4.jpg,161,185,52,71,2
5a6b0c35-6c0f-45fb-b370-a2b572004ed2.jpg,164,195,33,71,1
5a9607a3-559f-49ae-a0e4-e17a2de8f86f.jpg,138,184,87,133,2
5b9020ad-6351-4405-b0fc-1bfc91626e88.jpg,154,206,18,78,1
5bb5aff1-007b-4e68-b0c0-6ae51550e74b.jpg,154,176,50,70,2
5bbaa9bb-1a84-47c6-98b3-8f88e4947360.jpg,160,205,56,107,1
5bd1a9c5-ce9e-4368-95a5-2fb1f0f97d90.jpg,143,206,42,116,1
5c1d6a15-e9e7-43fc-997e-110f37cc9026.jpg,198,222,50,71,2
5c2abfc2-5545-4645-96aa-d9752eb5727c.jpg,76,125,100,139,2
5c32606e-3e28-4ec5-8bf2-3a5a358ff317.jpg,164,195,35,72,1
5c4aecab-9116-4f1c-a682-4acfb70b304e.jpg,152,196,40,82,2
5c62a5da-1223-4cb5-a637-f0c338c04703.jpg,80,109,11,46,1
5c721c06-c860-485b-8868-7c7e534a8d70.jpg,146,202,38,88,2
5c7f8c67-1fac-4f00-8734-44051ccba639.jpg,158,191,0,33,1
5d5ef7c0-1897-4bac-98ce-31527873dacb.jpg,119,137,48,64,2
5d70aab6-2c14-4378-92b1-642aebcba305.jpg,75,133,5,56,2
5e2e396b-e3ee-42ff-8344-20216377836f.jpg,166,197,38,69,1
5e659f44-101c-435e-ae61-72816811f83f.jpg,60,172,36,118,2
5ed21807-f295-4890-bfec-28df6049e26e.jpg,166,188,35,71,1
5f251af0-417a-4700-98ce-6f7ecc4ed6d1.jpg,170,220,61,129,1
600fde3d-c503-4db4-afa8-a06add76d561.jpg,164,206,74,105,2
6033119c-f81c-4587-850c-7d5da740bc87.jpg,38,92,66,115,2
6091575c-2f6f-4ad3-ad96-3e31931100cc.jpg,161,185,52,70,2
60c5f238-1210-4c3a-9356-638d04eea378.jpg,162,185,49,71,2
60c7b27a-0091-4195-9042-b70aadf07d3a.jpg,10,92,19,141,1
60f93f1e-e0e1-48be-b03e-30fd04fd2145.jpg,80,162,49,144,1
61111a0b-8ac4-4c9a-b3e9-9b1683e9b460.jpg,161,185,50,73,2
61a3b186-e091-4e1b-9b5a-bf8941b3c28d.jpg,77,117,35,78,1
6218f7ce-be00-4e1b-8136-812a0aa944be.jpg,161,184,48,69,2
6323a4d2-e7b4-4b4a-ac3c-56da12334241.jpg,164,197,35,72,1
63908c80-47eb-4418-aa3c-c1720923c235.jpg,34,61,110,143,1
646a1003-51f3-4b8a-a7f3-e5dcddd13814.jpg,40,91,61,107,1
648bac45-b223-41a0-a070-53fef296c48f.jpg,161,254,28,110,1
649b9b9e-e48e-4d84-9d94-dbd346f3ab61.jpg,158,188,48,75,2
64ebaa77-e2ae-421b-a2e4-b192820b64e6.jpg,6,74,31,103,1
652c5135-a99f-45e6-85f2-07336b7d807c.jpg,78,128,12,52,2
65e47fe8-3df3-4e18-9e74-6a1f6a7f4a8a.jpg,47,106,64,120,2
65eccbf3-1203-4a2d-8a87-5114dac19ce5.jpg,164,207,55,91,2
661d03b5-36c4-40fe-9f86-b67396b700bd.jpg,3,104,20,90,2
66dd0119-7c37-4b3d-b3b3-656d051fed54.jpg,163,193,34,69,1
674a1d2f-d1df-4fa4-94dd-3f005453ca40.jpg,6,64,30,73,2
6758ec41-7408-4da1-bed5-89b50ff081fa.jpg,19,82,0,70,1
677099f9-90c4-42b4-97f5-26c33314841c.jpg,164,184,51,72,2
6872b177-c89c-45f5-b7f8-256d628ce58f.jpg,124,187,94,140,2
68d020f0-6c37-4213-a3dc-5b775218d1ce.jpg,163,195,35,69,1
68fa14ba-1b78-4148-a16d-483c55f9f63d.jpg,118,165,74,109,2
69513ed6-a277-4891-ab59-e928f55c58d7.jpg,27,99,40,115,1
6a00095f-e522-4654-a77a-3c8310e6392d.jpg,184,202,47,60,2
6a1f2dd5-d114-4e2e-b65c-f520f9bc532c.jpg,70,126,34,102,1
6a394fb3-fa80-426a-bf82-a6877d75e6f5.jpg,5,74,31,106,1
6a67420a-f000-4ac0-9ba7-26fbc7bc87af.jpg,204,230,49,74,2
6a968428-2eec-442e-b8b3-90df78b48c0c.jpg,52,99,72,134,1
6ac2b962-02b2-44e3-9157-7af26b05c456.jpg,112,158,45,87,2
6ace2933-3073-4da2-8167-522610f447ce.jpg,161,186,49,72,2
6ad2239c-5bd7-4745-9519-49e2e0e73c65.jpg,127,141,47,59,2
6ae3d701-4631-4e56-ac41-721e3f568143.jpg,164,194,34,72,1
6b57a594-cf74-4ebf-b5d0-82d41a6cb6fd.jpg,164,194,35,72,1
6b6b687e-020c-4ce8-8ede-155493e90bf9.jpg,166,199,35,68,1
6b79e5d8-8ebb-4092-8054-cb620fa611a1.jpg,23,79,70,138,1
6bae9806-9203-43ff-a5e1-a015c7554ae2.jpg,197,231,0,38,1
6bf4fd9d-be99-4ff8-afe2-bae81479539e.jpg,165,196,33,71,1
6c177c21-b127-4f8c-9ea7-fd9f268891cd.jpg,127,213,39,105,2
6c2d7500-7a73-43b3-bfae-44ebb6abc580.jpg,114,149,38,96,1
6c520221-b4bf-486b-a24d-6551d27d9032.jpg,146,178,0,31,1
6c528ee2-2ec7-42f0-a0de-dc6860b6b0f4.jpg,70,124,48,105,1
6c667904-0d34-4a1e-9195-45bb956bff56.jpg,143,176,18,55,1
6ca8e3cb-ff10-4014-b6d3-476beaed2716.jpg,160,192,36,73,1
6d4633a7-28dc-430e-b5e6-5a2154a43fdc.jpg,134,165,117,143,1
6d9ab7f1-b8d3-4a21-bca4-273400256672.jpg,163,196,34,71,1
6db88304-6841-4a56-94a1-b25953b55cb2.jpg,169,255,6,107,1
6df2da78-1269-4cac-bb67-32ec4c720452.jpg,40,96,29,74,2
6df99f08-0af3-4a13-9142-e7cf823e9001.jpg,52,112,42,110,1
6dfd6c8d-813e-4964-93a2-5beb4cdeb8a9.jpg,122,139,49,63,2
6f00f119-d1b5-4cde-910b-7d6c529f30a2.jpg,159,193,35,71,1
6f105045-bf82-4107-b675-532cc872b8c8.jpg,138,188,13,56,2
6f7241b1-200a-4d48-bb6f-6ed909841554.jpg,161,194,35,71,1
6f92982a-4bbb-494f-aaa2-cf06791d166b.jpg,52,111,21,75,2
6f98a27f-e712-4bca-a72d-b80d08bfa468.jpg,207,256,13,75,1
6fca6614-57f8-4e1b-a378-99d33bda3201.jpg,137,226,0,97,1
701a8d29-e206-487b-8fe6-7c3afe895349.jpg,88,171,5,100,1
706b0668-b5d4-4005-94aa-c05473350f53.jpg,62,156,35,120,2
709c08fa-66bb-4bf0-81b5-bbb92bba9dd9.jpg,19,91,17,93,1
709dcaf0-2141-4dec-8894-daafb0741bd1.jpg,147,184,37,72,2
70bf5f07-bfb4-4dea-8cb4-1232a10b55bc.jpg,78,132,32,84,2
70e5a0e8-b797-48b7-9729-513574c891c0.jpg,122,189,34,114,1
70f33c15-838d-483f-832d-c9989c49b3a9.jpg,160,185,50,71,2
70ffde9d-832d-4a8d-9297-5c4c903a4155.jpg,161,185,50,70,2
71ab9456-bc21-4928-919e-2228de1c6f99.jpg,161,222,35,117,1
71b24dc4-56fc-437c-8371-b0f2d37db275.jpg,64,180,30,139,2
7211ce7f-2656-40e7-9dcb-e7891fb8483b.jpg,161,185,50,73,2
72caea72-29e9-477e-acd7-e1a0ee181d49.jpg,161,185,50,72,2
72e5f032-52e2-417d-b45a-58c5e0d06847.jpg,142,220,0,89,1
72f25a26-384f-4275-9084-61aacdd829c3.jpg,64,110,43,86,2
734336c6-56c8-42f1-9cfb-b2da219d9f6d.jpg,14,98,73,139,2
73636836-4562-42e4-bb6e-287e1b1aafdb.jpg,118,142,52,73,2
73900d16-102f-45fb-8997-578b5725f14a.jpg,169,228,64,131,1
74ad8b55-d8da-415d-88c7-92a388b3a25b.jpg,168,254,53,134,1
74aecb02-6797-4c51-9dcc-a06df5714374.jpg,168,197,35,70,1
74aff72a-cbfa-42f3-abbe-155acc5b31db.jpg,167,210,32,94,1
75248b30-4d99-4ef9-93f6-1d3fd5178b24.jpg,192,232,58,93,2
758c8e7f-ceb8-4720-b39a-0df4785c6e67.jpg,16,60,88,125,2
75e963d0-919e-4738-b4f2-9c16779c6966.jpg,163,196,34,72,1
7613b55d-2e87-4b4d-a52d-f3cd99631a8f.jpg,161,199,30,75,1
762519d6-074f-41d1-ba51-34417604cc8c.jpg,156,188,15,54,1
7649ea6a-cc01-4dc7-ab24-6a4affc196f7.jpg,89,119,19,53,1
76646018-2d1f-443c-9196-6aa62f80a2ba.jpg,81,125,46,88,2
7671bb49-da56-4d1e-b557-6a1e3a7a101c.jpg,112,132,48,68,2
7693f0c6-8f39-4cd0-8bba-3a21b2860394.jpg,161,184,49,73,2
76f0ab05-fd4f-49e4-bf07-28b416db0293.jpg,162,185,51,70,2
770c431c-353d-47a9-bed2-1bb385e19fbd.jpg,84,115,18,54,1
770d4bca-15a5-4b11-a892-6bc1d5132c09.jpg,164,196,35,73,1
773277ee-9efb-4e9e-9bdb-bb8492d49236.jpg,174,245,0,78,1
77de81ba-d937-4d4b-9191-1a1c5743199b.jpg,158,205,53,106,1
77edceac-bb73-4e61-8f8c-e3559446ece3.jpg,141,222,0,93,1
782975e5-aaa6-4eb9-b03f-b98e04ab1819.jpg,162,184,50,73,2
784d7d07-aace-4c72-89e9-312034d55354.jpg,164,196,34,73,1
789d0111-fdb7-4e72-9835-344f8d012f01.jpg,146,216,3,85,1
78a17878-aa60-42fe-abe6-ece24efd1226.jpg,163,184,50,70,2
78c875f4-71d7-4bcb-b50f-7c217285266c.jpg,142,192,19,96,1
792a6fb7-1c81-45e5-b980-a68a354a6917.jpg,189,255,7,63,2
79440d66-9686-452a-96dd-dfc2c5f74300.jpg,64,114,14,60,2
794d628a-23e4-4920-8a4c-6bff9837ff39.jpg,162,185,50,68,2
79bbfdc1-1a3a-4fe6-b85a-ad94ced43129.jpg,147,254,8,131,1
79c81833-37ec-4392-ad1f-9349709f9163.jpg,33,80,26,61,2
79d76004-6cc2-448d-952e-eddf628f3e1d.jpg,156,191,46,78,2
7a6cfd94-a013-4c4e-acec-7b94bb3d91d8.jpg,150,187,48,85,2
7b101e7f-536d-48e1-a69e-b81c57d8c14a.jpg,149,213,8,84,1
7b9f4fb9-2a2b-4bd3-b2f3-cca94bff1904.jpg,164,200,37,71,1
7bbacc1a-bc3b-4c36-a834-d913ed8b5e97.jpg,41,94,46,94,1
7bf22583-e500-4786-9c3f-b3a4efbe5840.jpg,172,207,3,40,1
7c10100a-5e9d-4a73-a523-d6db16d77d47.jpg,104,160,45,112,1
7c5d4cfd-ea61-4aeb-93d5-18c4c874a767.jpg,156,214,34,99,1
7c659eaf-93d9-457f-9c61-69884cb66100.jpg,0,76,30,100,1
7cdb0697-ef13-4d79-8ec3-9600664c584f.jpg,158,220,26,103,1
7ce3a975-f153-4465-b2ae-f8a23c85b618.jpg,78,106,89,123,1
7d650e05-fba0-4022-a664-f902c6e963b2.jpg,155,193,44,78,2
7d7d4d33-1971-47a0-9d4a-cfc092334681.jpg,35,108,54,136,1
7d928af6-6cd1-4567-b3a5-2ac4e30e284f.jpg,149,212,9,83,1
7dd7b4d8-62e4-4922-af15-63a9cdf5a52a.jpg,161,199,66,101,2
7e1e6f5b-97b3-4a46-a5e2-ca0e7e051144.jpg,36,90,19,61,2
7e3109a8-06ba-4ea4-9c07-22372e82705b.jpg,186,206,48,66,2
7e34f381-84ff-479d-aa71-d72e1c08006e.jpg,57,139,14,113,1
7e6e3cf2-a5ac-48d5-a814-15578851f5d9.jpg,159,191,39,79,2
7e736222-4813-4ded-8686-83e4b95287fc.jpg,201,243,8,48,2
7e9e82c3-70c0-4446-b3c6-cfc2fe8951ab.jpg,101,256,0,144,1
7eae7a81-a912-4094-afd2-9d3e9ab833df.jpg,165,195,34,72,1
7f3cf27a-24ac-4fdc-8862-1d98afafb0b9.jpg,1,70,42,128,1
7f88ef4d-2659-4a22-8085-692b8c4050b0.jpg,151,197,41,85,2
7ff358ce-5e4b-400e-bb8a-33cbd62f9765.jpg,161,193,36,72,1
800b4dfe-899f-4fbd-aa10-16b709912945.jpg,111,192,36,100,2
802dfeb2-26e9-4e1c-abcd-e5dbc769bf09.jpg,168,186,48,61,2
8030c7fc-938f-4a89-932a-ec539c9a2929.jpg,160,184,49,72,2
804f8f69-6bce-4126-8f1f-62fbe53e7d49.jpg,65,118,71,138,1
807bf649-0b1a-4991-bc46-89bfe629f168.jpg,166,191,34,71,1
808c705f-478c-428a-84f1-57744eb0844a.jpg,161,186,50,72,2
80e0cc88-60f6-4585-bb0e-0c51c57b0b37.jpg,28,79,81,133,2
812f390b-64af-47f1-bdcf-e63d0cfd613d.jpg,11,65,57,114,2
823402ec-96e4-4cd9-9c89-a9f4efb318e0.jpg,0,60,0,58,2
82542421-0c25-4106-9395-35dc3a356d19.jpg,91,136,51,84,2
828814db-a665-4c10-8ac6-cc9a4478e965.jpg,153,193,76,142,1
82a27821-c9ec-491a-bf39-4b5abb891811.jpg,54,104,36,66,2
82be4a0e-a3bb-40bd-b932-87a174101826.jpg,33,58,37,70,1
82d63fdf-cd00-4053-9269-ed7304525b9a.jpg,126,172,26,61,2
83443068-3856-44bc-b947-3b1f88846a33.jpg,48,137,15,101,1
83ec4981-faa0-4c69-8a92-e9e6538f8b27.jpg,162,184,50,70,2
83ece6aa-aced-4997-bd13-3dc784edeeb1.jpg,38,87,33,70,2
844c9b51-2534-4f61-98bf-dcc79c83f667.jpg,159,254,7,110,1
84986599-712f-4d3b-83b6-27fa64bd323d.jpg,144,204,36,92,2
84c9afc5-bc04-454b-9c4b-ecdfbc5b5da1.jpg,66,151,44,108,2
84f49f4e-ddac-415c-8018-bad83b294220.jpg,148,216,3,87,1
851f65ee-b021-4231-accc-7e3e8741aed4.jpg,196,229,26,65,1
85859096-96d5-42a9-be98-7fc7f825be74.jpg,166,196,37,70,1
86e82a1c-ad03-484d-9357-6f6abd2213e1.jpg,161,194,35,72,1
870621fb-2897-4e29-81f7-b4d561522c08.jpg,162,184,52,71,2
8728d75a-d1fd-4798-981a-329526233d0b.jpg,160,185,50,71,2
8771bf1a-3b55-42e4-91c5-049a59ddc2b8.jpg,60,106,81,119,2
88318368-2ed7-4910-8b81-e1014a7dfede.jpg,168,202,29,69,1
88f21808-52a8-4c9c-9dcb-c1edd7abb971.jpg,69,127,67,119,2
88f4e783-a909-40aa-b328-2a954b377d14.jpg,144,193,55,88,2
8909c536-d6e4-4767-86f5-e2818c0cf70b.jpg,25,51,10,40,1
89451a42-89f7-46fa-af2c-5a786af5a6ac.jpg,161,185,51,72,2
89a01ff6-bfcb-44e3-86bb-50dfdd750c22.jpg,75,137,57,132,2
89b9dca4-fbc5-4a6d-83c4-e2865055fc07.jpg,162,185,52,71,2
8a1d90cd-437d-41f8-8e92-7cc779c57ff3.jpg,139,228,0,96,1
8a6c3f8e-661b-4f5a-baa4-a124d63fbda1.jpg,42,101,77,133,2
8b458725-14fe-40ca-8da1-1816a3733bbe.jpg,158,189,48,75,2
8b802f4b-2eb7-4ca2-bc91-e69e53b212e9.jpg,101,138,59,94,2
8bc2bb58-e308-4962-b0d7-e30e992ec1cf.jpg,145,159,47,60,2
8c2c8774-b6de-45ef-979e-0317be7364b2.jpg,136,184,42,86,2
8c364701-be97-4306-8a0f-93bcad030dde.jpg,4,71,16,83,1
8c622b4b-cb82-4036-bf3a-a2cd3864fc7d.jpg,35,86,49,131,1
8c62ff78-0467-4aee-9967-2e6cec0125c6.jpg,163,196,33,72,1
8c6f4b78-356d-4586-a083-26ba7475ba0a.jpg,118,173,34,70,2
8cf84e5d-f5d3-4db5-8018-911e17721782.jpg,163,196,34,70,1
8d358d63-ac7a-47ac-8141-57cea112cf8e.jpg,160,186,50,72,2
8d63c92a-3b0f-4ab3-9919-5cb31ab6a69d.jpg,40,95,89,135,2
8dca6317-2f78-46a3-83f0-ee2a32c31c81.jpg,45,112,27,104,1
8e38cf74-df10-4d99-b8b2-1e5f4bde9706.jpg,138,227,0,90,1
8e867b5a-00c5-49fe-b148-55ae31b37936.jpg,44,78,62,105,2
8eda3e06-ce47-4866-9946-025154e7e887.jpg,46,108,42,85,2
8ff9f1e2-2027-40d1-82b1-7240e2f1a3a3.jpg,182,199,47,60,2
902a015d-43dc-49e6-a15d-7e3b35658f03.jpg,163,196,36,71,1
910966c9-67ec-4403-9e4d-ad90edf449a9.jpg,133,177,12,54,2
912b1b93-00d5-48c5-be88-ef50ffbeb3c0.jpg,143,186,66,103,2
91b99c1f-3e99-4fde-9791-bffc07ec1129.jpg,143,224,0,95,1
91d885c6-cda6-4f2b-b086-f1534730c873.jpg,155,193,42,82,2
91f82bff-2f94-404e-b734-7329b1956f71.jpg,6,91,28,103,2
92231bfc-58ff-49e2-8743-57336c67ae0e.jpg,201,256,37,108,1
92972315-0ffa-44d5-b576-450e8766511d.jpg,90,142,76,138,1
92ad6750-7cda-44c0-8eb7-47841176b012.jpg,160,187,48,72,2
9341c80c-c650-44a2-985e-f28af414b4bc.jpg,164,195,34,71,1
94da6560-95a8-4181-bf84-cfc895d32edd.jpg,161,185,51,73,2
961f415c-e103-48c6-9172-60e1f28bf37a.jpg,167,197,38,70,1
9622fba0-a44e-4074-98b0-20e5520d8a3d.jpg,37,93,82,135,2
969aad5c-633b-432a-8bab-439f9e32890d.jpg,23,79,36,110,1
971273d0-2b5d-4327-9935-0bdbf9797cd7.jpg,41,89,66,116,2
9782aab3-fe03-44c8-9757-3aca6d239a4b.jpg,2,83,7,96,1
97858312-22c3-4ab5-b63c-d9509e2b20d2.jpg,161,184,51,71,2
9821e0e2-c5fd-447a-a65c-128b1b769511.jpg,161,194,36,71,1
98c5db0b-1e87-44f4-8dea-7d17c8d31432.jpg,38,77,0,35,2
990007b2-c15b-46b7-be13-66182534505c.jpg,160,185,49,71,2
994961cc-2728-43d1-b75a-31a67b97b0a7.jpg,170,212,81,118,2
99587d98-3fd2-45df-8808-dd80a09343f1.jpg,130,170,58,96,2
99751d98-ba3c-42c4-a37d-2dd6227b9eba.jpg,152,195,42,85,2
9976db4e-f432-495a-98ee-d9c620bea34f.jpg,159,203,22,79,1
9992bfe5-cf90-43dc-975c-35ca38e12872.jpg,44,101,32,97,1
9a0e42f8-7b8b-4bd1-a7fc-5cead39e3c3b.jpg,61,96,48,84,2
9ab69623-5811-4b42-9195-de4ef68f09a1.jpg,174,190,46,61,2
9b1bc2c7-9970-459a-98e7-370140d0d775.jpg,150,196,42,85,2
9bd5c7de-bdc4-48be-8cee-7ceec50cacc2.jpg,26,67,57,107,2
9c5d8ef2-25cc-4e1e-b91b-2c71b721631f.jpg,151,212,8,87,1
9cac93df-0184-4be2-b90a-8e4934c44256.jpg,5,64,2,58,2
9ccfbe66-4f4b-49da-8905-da1619eeb9cd.jpg,172,192,48,63,2
9ce63fb4-6a7b-41f8-92dd-7044e42e5690.jpg,96,164,42,114,2
9d9ec69a-038a-4560-b804-ac4c4dbda663.jpg,56,138,55,108,2
9de6a580-d6ca-4b94-aa20-fc4da5edd141.jpg,112,171,67,115,2
9e45a207-2f59-41fe-b012-7131e16dab8b.jpg,5,60,32,88,1
9e4ca9d7-9cef-4eba-8999-d481bf1e6b35.jpg,8,85,46,117,2
9fab3376-3c3e-4b22-a44f-2db78fb09e0d.jpg,162,186,52,70,2
9ff1d2de-3cac-4464-bd62-5db53ea9518c.jpg,125,143,48,65,2
9ff9e700-b606-46ea-bfee-9032901790b0.jpg,68,130,14,90,1
a02e90cc-d8e9-4f08-9ef2-1946c5a8419a.jpg,163,184,49,74,2
a04ed65e-9ef5-4feb-9714-24be825b7553.jpg,104,181,66,135,2
a05106fb-4763-42e8-83d7-41c6fd0bde12.jpg,111,172,54,104,2
a1a19b5f-7a41-419a-a59f-5ab7421cfb0f.jpg,165,195,35,71,1
a1a276e4-d8a5-44ff-8bef-4b95e742d7a8.jpg,87,151,40,94,2
a1a50d1f-233d-4262-8f9e-3d10fdf04a79.jpg,162,185,52,70,2
a2073d27-77a3-44b1-83fe-687c27d3ab0a.jpg,151,209,60,125,1
a20d7b1b-9df5-4f9d-8631-9fc963658a08.jpg,156,191,45,79,2
a2ab8f6b-9154-48de-9865-2aacec50abc8.jpg,161,199,28,74,1
a2b5cb92-757c-4934-b024-739e53c8f50c.jpg,186,229,21,56,2
a2d96a19-1829-49ff-9ba1-61010146f793.jpg,117,160,76,135,1
a35c50a4-e1bf-4f7a-a865-a1748d79aa8e.jpg,54,109,90,127,2
a37fbcdb-0831-4ac7-9777-5dd6787590d0.jpg,160,185,48,73,2
a3979223-1d6c-4cd4-ad12-6a1b31e98df0.jpg,8,115,28,101,2
a3c9cdcc-3dfc-42fe-b0cf-6c268dcfb980.jpg,162,185,49,74,2
a3ea61bd-40a8-4a18-8258-5260a76bdda6.jpg,161,186,50,72,2
a454a317-3f3b-46cb-afa3-f2e62b648675.jpg,5,75,31,107,1
a4727a79-2d63-40cb-b302-0af7995ff465.jpg,1,73,58,135,1
a4b053bc-f068-4e75-a7ac-4e568679ebec.jpg,130,211,81,144,1
a4be9d4c-63b0-469f-93b2-bf7219f39ba0.jpg,162,185,50,72,2
a501cb14-59b8-4f93-afbf-da0b30555c0c.jpg,133,189,22,65,2
a50c99e6-5e62-40d3-b6b8-d880ca5f5fa8.jpg,159,194,35,72,1
a5330e43-1d29-4a98-b8b4-2c17c94419ee.jpg,40,89,67,121,2
a543bee7-1602-4f20-ad8e-99567451dbca.jpg,45,103,52,118,1
a5fa727c-0559-47a7-a80e-90d555cef879.jpg,163,195,34,72,1
a6395a2c-92d8-44a5-af42-18955bd558e3.jpg,155,211,33,109,1
a6a1f15a-5df3-4dae-bb75-327e9a917e7d.jpg,145,199,71,112,2
a6f7a2e8-d3a0-4e59-be90-d862b1b54126.jpg,152,173,49,68,2
a70335ec-9ca4-47b8-80c4-d338ec194e28.jpg,164,191,35,71,1
a706e517-3152-494c-8d7c-fa8d613fb8f4.jpg,91,160,78,126,2
a71f1619-9d01-4e72-b4b6-bc995ef705cf.jpg,161,185,48,70,2
a740c86a-b8c1-4cac-8946-5da191f3d98f.jpg,8,59,22,68,2
a8001713-f16c-4189-9d0d-34cd3183d6a7.jpg,4,44,23,57,2
a84e0dd8-dcc7-4748-adc6-df00a090058f.jpg,166,190,50,70,2
a850217b-9f2b-46ae-84b9-8b4929686537.jpg,6,79,3,81,1
a91e2a20-138a-473f-bbfb-1bf549b93af6.jpg,7,56,1,34,2
a9765045-2319-440e-ba94-2e49fe0fda48.jpg,100,180,4,90,1
aa6d54e2-55e4-4f1b-91d6-2623cc50e79f.jpg,113,144,45,80,1
aac18490-19bf-4403-af89-1c5c49f4b3e9.jpg,2,82,12,97,1
aaff07f5-eedd-4edd-a3b2-0af8a2ba0277.jpg,43,141,52,128,2
ab509b55-2b3b-40c2-a9ac-40e8228e34c4.jpg,118,187,31,115,1
ab6c50c9-264c-45a9-b770-43d7e8accb74.jpg,158,193,35,72,1
ab9e96a7-dae8-4d00-bc8c-201eec231d3d.jpg,206,241,97,139,1
abba64b8-ad8a-4e3f-bae8-8f1693a9d9d0.jpg,142,193,72,117,2
abcb940c-8386-44a7-bd65-1762aa1fda43.jpg,43,93,41,112,1
ac06ad25-f333-4519-9b8c-ebef60b883f4.jpg,43,98,43,99,1
ac1b19d8-760e-4556-8c9f-becf3ef0d28d.jpg,49,106,66,137,1
ac2219fb-420a-4fe1-9b4c-4535a0b21c15.jpg,140,195,71,114,2
ac52823f-b15a-4583-b0e2-1bc9f11bff6b.jpg,83,111,47,81,1
acc55de0-da41-4a34-a997-58722e66fde1.jpg,63,153,27,91,2
ad24c635-f94a-448f-b0f3-f4d5bae9a158.jpg,83,132,50,112,2
ae5f3ef5-8f1e-4bdc-9d24-c206ccd00bc1.jpg,133,172,48,81,2
ae65a329-b0c3-4764-9e1b-0bec4aa8a1ca.jpg,164,183,50,70,2
aefc54ae-7cae-446a-9638-fc05e557fc62.jpg,161,186,49,75,2
af0e6e35-0023-4d01-8f9c-77c9b1801684.jpg,42,99,59,114,1
af1effc2-3297-4cad-99cc-2acd3b26ca68.jpg,164,197,35,71,1
afffbe04-dd0c-427b-a6af-4883a67e6e76.jpg,124,161,59,121,2
b0041559-f77d-4c21-9b71-5f42e5448889.jpg,165,214,38,106,1
b0e764c7-d72a-4aae-8209-c469d9948163.jpg,115,192,48,138,1
b110b5be-b6e1-40f1-af27-df331a6d2ea5.jpg,161,186,49,75,2
b28a9147-a2b6-4047-a8c1-30d16771e18d.jpg,162,185,50,69,2
b293ce3d-3c8b-441d-94ae-4d3550b849c2.jpg,165,191,50,75,2
b3089eb8-74e6-4337-957d-800baeb8600d.jpg,155,170,47,60,2
b31d1774-5c52-432b-b092-74f09ac9858a.jpg,31,76,77,126,2
b39b40dc-4614-475f-8c22-ab9170476c7a.jpg,124,174,75,112,2
b3b84257-223a-431c-9476-d685b6d8e1e3.jpg,162,185,48,73,2
b3e4ac45-50fb-4374-bcc6-748667800708.jpg,131,173,75,110,2
b43f0a8b-f331-4b53-a39e-249b6dc85f87.jpg,147,198,107,143,2
b44e9631-9e44-49d6-965c-02fc54dc4f0d.jpg,34,60,102,135,1
b4631bd8-632d-406e-a713-f3842f418406.jpg,6,75,31,107,1
b4667d3b-bb12-4443-86e3-c8c89f46981f.jpg,127,164,63,105,2
b53d6db3-edc4-4a56-9eae-31fb18fb4dd4.jpg,54,80,103,137,1
b5a1ccb6-ccfe-4f63-af65-073787de2796.jpg,138,154,48,62,2
b5e033bc-d8b9-4223-81ba-fa661b7e5a4e.jpg,141,207,33,98,2
b5eb8b7d-878e-492b-808d-fe77b8f78447.jpg,62,113,26,104,1
b6052c40-ddb5-4795-8cee-043dbfd541b2.jpg,147,215,3,84,1
b61a08ce-898f-4509-bfe5-0d0d122c7c38.jpg,161,204,90,135,2
b68aa4a1-1991-4ae6-a2b7-37d9dcce35cc.jpg,100,162,46,97,2
b6b00c4b-f740-430a-a58d-6576f29770f3.jpg,161,184,49,71,2
b6d8e9f3-30e1-4b9f-8be7-96a85bebcdef.jpg,148,201,36,90,2
b6ec98f8-c3c4-4867-b871-5233af0dd335.jpg,157,202,24,76,1
b743b324-49a0-4bd1-b154-a5a1c8dfc347.jpg,176,232,38,99,1
b7f48ca5-c8f7-40aa-8600-103bea07fb13.jpg,24,86,26,76,2
b8657e30-e1cd-448a-99de-5b599ee2d5bf.jpg,41,85,19,68,2
b8f6a1ac-1f02-4544-b3b3-5b5f7f3a198b.jpg,37,99,30,83,2
b9016307-95a7-4647-98f4-a40da159f8f5.jpg,183,201,47,60,2
b91ff69a-cb21-43fd-9f5a-fd63af4ecdc6.jpg,165,196,34,70,1
b9241c46-b1f5-42c3-bf08-7239b9ecf1a8.jpg,147,202,37,87,2
b925072c-9295-4a59-9c01-f35e0662e322.jpg,26,66,83,122,2
b9909ed6-7a60-432d-8943-e65b7f3483ff.jpg,106,135,12,47,1
b9d68ebf-d753-4d15-9405-0503438aa323.jpg,132,189,22,97,1
ba1cce20-f580-4a1a-a22b-99e72f3e9911.jpg,47,81,93,131,2
bb3f68c8-09e0-43db-a7bb-d1744c5b21af.jpg,128,170,79,141,1
bb9e5e14-493e-42b9-9ed9-bd652537f758.jpg,164,196,35,71,1
bc3a6cc9-a433-43c6-a577-2f9d2268d904.jpg,139,234,11,118,1
bc3bbc2a-9ccb-41de-b31f-211c660cedd1.jpg,155,219,3,55,2
bc40bd06-eda3-45a4-9a2f-56a4591ea725.jpg,161,186,49,72,2
bc976256-301f-4a44-816a-9b62c7ad4c8d.jpg,1,48,44,91,2
bdd02edd-a961-40c2-a3bd-af13fd0ee9c1.jpg,166,197,35,72,1
be405713-e594-455d-8881-8617afdadb5c.jpg,163,221,12,92,1
be4bd6bc-94c4-4165-9582-c7b69ccd41a6.jpg,164,196,34,71,1
be96520a-aec6-4708-b192-4b031bced24f.jpg,21,60,37,78,2
bec2cc3b-b85e-40aa-8205-2638b3abbc61.jpg,162,186,52,70,2
bf221c76-ba26-4d88-afed-40bc3d0bf6fe.jpg,161,185,50,71,2
bf2c7c06-74a4-4f3b-8cdd-1722f70adaf8.jpg,159,192,36,72,1
bf35bec9-dd8f-4bec-8b29-a4885cc59b95.jpg,172,212,39,82,1
bf6475d1-d715-41e4-b770-e8aa664eb84f.jpg,74,116,17,61,1
bfa43904-ec6d-4b99-9ac2-c27039024794.jpg,164,195,34,71,1
bfa81ee1-389e-4fd6-a1ac-a1f84ff79396.jpg,162,184,51,74,2
bfa8c384-64a4-468b-833d-6e8a222bce6b.jpg,151,187,43,80,2
c04755a5-9a8b-453b-a0ab-0f8a992e867b.jpg,164,184,50,69,2
c07e644a-f138-4b8f-9522-98c8e700a93a.jpg,150,186,42,82,2
c14a4bea-2746-4d48-af31-4b8c69f3dc4d.jpg,163,184,50,70,2
c157d61e-49ba-4326-a952-3315b0a7bc83.jpg,144,206,33,95,2
c1c97b99-3e46-47a3-80ba-c8b19d033ff9.jpg,161,185,49,73,2
c2bbcc3c-f6d1-4574-870e-d1d74c2b3976.jpg,162,185,52,69,2
c38fd133-9af7-402c-86fa-5cbd19fbb4c7.jpg,93,170,16,82,2
c49b9ca8-f870-4953-905f-bf57a2712739.jpg,10,56,51,88,2
c50c52e3-5bdd-476f-b158-21a0898d6e90.jpg,165,196,36,71,1
c64b7661-e3df-473c-877f-132de0a9eb59.jpg,55,81,38,70,1
c65c2fdf-1833-43ed-99e2-9706d24f3d21.jpg,157,191,45,76,2
c65ec8eb-6e2a-46cb-b41b-7dcfcd980ddc.jpg,81,124,53,92,2
c6dcf259-2d81-4dfa-bc50-43ecdf096cdd.jpg,180,224,57,100,2
c6f01bad-a155-487b-a182-9990b237992e.jpg,3,64,4,69,1
c70a0eec-2bc5-4c50-825c-4f0d3f930b8b.jpg,64,101,40,61,2
c74e17f3-0355-42f1-a39e-d92f2899b389.jpg,152,186,91,129,1
c777dbb1-04d6-43ec-a85b-5d1a20c765da.jpg,172,198,50,78,2
c7c55e21-350b-477f-bd9e-86ebf447a639.jpg,98,160,9,51,2
c7cef7c9-18ef-4e14-816f-aa0dedbbc717.jpg,161,185,49,73,2
c7ed0e0c-10e8-41b4-8748-cad612dd9c88.jpg,166,213,73,138,1
c80e9b7b-b3ac-4879-9a01-1afb532d86c2.jpg,20,91,56,133,1
c8a67e28-c29a-45e1-ad3d-5d1b2a47e6af.jpg,166,197,36,71,1
c8ba0eb7-6bc3-45a0-860e-8d3480d3a84e.jpg,17,82,54,134,1
c8bb1455-8ac4-4a91-8ff4-964547a88f77.jpg,145,192,0,41,2
c8bcc482-898d-4e16-a4bc-d42a197263a2.jpg,16,62,61,105,2
c8c831ed-9b31-451d-9f0a-cc72d5d2e9c3.jpg,0,76,49,128,1
c9d29941-5464-4a16-a0d7-767e295de747.jpg,138,182,67,116,1
c9e8ea15-285e-47ac-8907-458ccbd510c6.jpg,85,127,86,126,2
ca32a934-29b0-40d2-b7ba-da9a99bf70a9.jpg,199,256,14,66,2
cab51327-6015-4997-8cad-beb2f9110bb0.jpg,97,144,7,51,2
cabc3753-d2a7-4aad-a244-e46b08badf9d.jpg,89,162,36,118,2
cb2c8b2a-35bb-4228-80c7-7b77d55a137e.jpg,185,204,48,65,2
cb7b5cad-678c-40cd-af10-2a036086ab09.jpg,194,228,73,113,1
cb84f822-fd9d-4f2c-9462-2c83adfd911a.jpg,21,108,0,87,1
cbbafb92-5c10-4e0a-b8ce-0e69ff8efdb0.jpg,37,105,8,91,1
cc0761ea-0689-45b4-beda-a649b54c986c.jpg,108,128,50,67,2
cc0d4285-3498-4924-be03-52e56545370c.jpg,198,221,48,70,2
cc42bebc-849c-444d-8376-2fd9577faff9.jpg,76,104,44,80,1
cc69e10f-df0f-47f1-aca3-bf4afe4b9718.jpg,69,106,73,113,1
cc7c908c-5e8b-4c88-8498-b1481b32f5ec.jpg,108,155,44,86,2
cc7cb9dd-9007-4995-bbef-31e097c6ca4f.jpg,150,256,0,112,1
cc8bcd3f-070b-416b-acfe-f2bac06bdbc4.jpg,96,160,79,128,2
cc8bf7fd-e69e-4b46-bcea-be6fed73a2c3.jpg,56,127,71,144,1
cc8e2dd3-f3ff-4295-b962-fa09df71daae.jpg,161,184,50,72,2
ccc30da0-8732-475d-ae3c-28df8025fe96.jpg,126,256,0,131,1
cce93050-8270-4a6f-9059-9e6d49123112.jpg,165,197,37,69,1
ccfd560e-30d4-417f-a91c-be84faff4c9f.jpg,126,171,48,85,2
cd21b63c-0195-4640-b211-8438dfb5aafe.jpg,155,177,49,69,2
cd3f34bc-38cd-4abd-8343-261d566803b0.jpg,27,65,52,99,2
cd650bf8-b194-4272-9108-3a1b1a01891f.jpg,32,81,34,71,2
cd8edc20-eadc-464a-a11e-0ed790baff92.jpg,35,88,54,126,1
cd9b8831-9fee-4442-a73c-02503eca72f9.jpg,144,184,66,110,2
cddd68a7-cf82-4c19-b441-dd16d3431a22.jpg,120,180,48,90,2
cdf3ece3-c868-40bd-8788-3ab6e7e0bf0d.jpg,159,184,49,70,2
ce575ce1-dfff-405f-abf8-d8d9b9b9e842.jpg,32,84,59,110,2
ce6a7d7e-34c0-46ac-bc5a-eeb32ffa7244.jpg,56,108,48,109,1
ce7d6610-5bae-4ab1-82ba-781974c2cdb9.jpg,164,195,35,72,1
ceae55c1-5598-4b02-82cb-c13ecd40f812.jpg,159,198,46,83,2
ceb2fbe2-f516-44e3-bcac-da38e6e41a60.jpg,162,185,49,72,2
cfeeb50f-695b-4246-b3bf-2abcacb1c68a.jpg,12,106,16,107,1
d0cbc4b0-52de-4f20-8753-c0757842b7b1.jpg,15,70,44,129,1
d16a006f-5cf8-4cfe-bda4-76b7f4eab053.jpg,42,97,88,139,2
d19abcc7-f2c2-4aa9-8fb1-8507d723bd23.jpg,161,186,50,73,2
d1c6ef78-7b6e-4ed2-8c5e-6e320e601539.jpg,160,184,49,72,2
d2688d77-1b05-4283-a015-1d073f7994ba.jpg,167,197,38,68,1
d280f46a-d661-44f1-bf7d-e64c29a8a9bf.jpg,163,195,36,71,1
d3361566-d370-47df-8569-75b2eb1205fd.jpg,184,224,36,71,2
d391b167-c32e-42d0-bc87-f9a9cf4fcd76.jpg,105,124,50,70,2
d393997d-d99e-40ee-88bb-651ea0460eb1.jpg,37,94,65,128,1
d3e160a9-335a-421e-a8c0-74df1c67a21f.jpg,26,70,44,84,2
d441ea7c-bcb1-4951-b22d-071a902a4f11.jpg,71,182,16,125,2
d4d69d06-d253-4084-a6d3-969eb4a68ee8.jpg,76,123,48,87,2
d5298828-cac1-4807-a274-017dc54d018e.jpg,140,219,0,86,1
d56b2783-2d00-48ca-b77c-57483b9ad9ae.jpg,45,91,46,97,2
d5856b7c-a35b-4a88-9650-8a65630c4957.jpg,215,256,93,128,2
d6346078-8f23-48e3-a8ce-ccd21693a53e.jpg,123,177,37,71,2
d64460b1-bda3-41e2-8d71-b34d819f087c.jpg,158,203,23,76,1
d6b072c0-8df6-4196-bb92-e3adb7521fa9.jpg,165,197,34,71,1
d6d6f7e3-e3ec-4d32-830c-43059b36bf6e.jpg,70,130,30,84,2
d6f2540e-c9c0-450a-afd1-b8c068a55521.jpg,156,190,39,72,1
d70a9aeb-04fe-43b8-a690-82f658df360b.jpg,47,93,68,109,2
d70cfd09-290f-4e83-8ea7-cff50633b12e.jpg,130,185,0,44,2
d72d9e74-e8cd-4f37-82ff-bee05b47ec92.jpg,83,142,66,121,2
d7362f95-e240-453a-b6e8-6be66e89a4f1.jpg,0,73,30,140,1
d7578327-caba-4b8a-9f08-29f71393df2a.jpg,164,194,34,69,1
d7c0676f-8773-4ca7-9e2d-3f41cb8ad7a2.jpg,161,186,49,75,2
d7f6a5d5-f1ae-4200-b686-1d337bfccbef.jpg,108,126,49,63,2
d801a7ef-822f-4436-9c50-ab0de79aa0cd.jpg,162,184,50,70,2
d8242617-b264-4f50-a250-f722deef9b56.jpg,88,111,51,73,2
d8f70097-ebdd-4f38-b009-6d160b0a2543.jpg,161,185,50,72,2
d9b2235b-fc33-4012-917b-1a7a00933d5f.jpg,160,185,49,75,2
d9e03735-95b0-4666-8a1b-a2173b7181d6.jpg,166,188,34,71,1
da3edb2d-c639-43bf-abcc-faaa6ed08899.jpg,144,204,35,95,2
da41a953-b95d-4e50-8863-5e1f2c87fa2c.jpg,35,149,33,102,2
da9e454f-7acf-4d70-b69b-3387f6e2a81b.jpg,76,106,82,115,1
dab00f04-8101-4521-a09c-d075400adc2f.jpg,139,226,0,97,1
dafd5b70-a500-4f6a-917b-cd805e6402e4.jpg,77,137,83,125,2
db038cf8-9a8a-43c8-ac0c-16b794470257.jpg,163,195,34,70,1
db547106-15ff-48a0-a747-4289892d9f91.jpg,153,208,14,80,1
dba93177-fc97-426c-99fc-2eca94a83f02.jpg,160,185,50,72,2
dbc6aa46-7d63-46f7-a94d-e54419d64b26.jpg,163,184,50,70,2
dd384edd-2f07-41c5-bc59-da92f2d44c9e.jpg,115,136,49,69,2
dd535912-65bb-4098-8a1c-868ba3500271.jpg,0,68,28,140,1
ddb01a75-3dd9-4f7e-8998-73aa25fe279e.jpg,166,196,34,73,1
ddc513cd-c8bb-48fb-b619-b12af5849707.jpg,157,255,11,98,2
de612ae3-d8ca-44a0-9e69-eb6f8e30fbed.jpg,21,103,36,87,2
de927aca-32b6-467b-aa7b-2ad2ae29ff23.jpg,25,100,80,139,2
ded0eafd-a3a1-47aa-86d6-56c702edec3d.jpg,214,256,22,68,2
df2d7fe7-e101-437c-ad6a-eabb04dd68a0.jpg,165,196,34,71,1
df65c6e0-5ac5-40eb-9598-e9903adf814f.jpg,163,250,43,134,1
df8209bc-46d8-43b3-9b49-699839244330.jpg,98,127,51,87,1
e074d287-cdc8-493d-9f77-293bd1c81cb9.jpg,166,203,33,80,2
e08854a7-d62e-4e5d-a459-5ffe7027f6ef.jpg,5,77,4,70,2
e1379cdf-09ce-496f-aac5-e27fbd585b68.jpg,45,115,66,144,1
e1584aee-0ef4-4b81-a6cb-57847be5a088.jpg,156,207,19,78,1
e30ac8e9-e439-45fa-9b38-8e510c3e431b.jpg,15,41,66,98,1
e41f8b72-f468-49cc-9783-7b9c0bbc96c0.jpg,121,172,62,100,2
e42d298d-bd83-4562-8299-c2f85a9d22fc.jpg,138,180,13,55,2
e470962a-b333-4400-84c6-b2178d5d4c16.jpg,163,196,35,68,1
e538a783-b75b-4bae-8d1b-25d60b445d00.jpg,186,205,48,66,2
e5616084-897b-49dd-903b-e59fa622b986.jpg,163,196,35,71,1
e577601c-d211-4c12-93e7-7629124c7e70.jpg,81,124,85,125,2
e60b32d9-6c6a-4dc3-99d6-48ac817c346f.jpg,149,170,50,67,2
e6d5f6f7-a629-4d6b-b849-2c97cc74d9c7.jpg,144,184,35,77,2
e756d2de-a69e-4c1f-9a70-d5a25f3080e8.jpg,50,99,23,92,1
e7c145ef-a9a4-45a3-980e-460380795248.jpg,164,197,34,73,1
e7f019a6-148d-4751-b4a6-2d5b1c3614db.jpg,160,184,49,74,2
e7f44e71-3edb-4c3d-bbfb-256f4f23e5ce.jpg,163,195,34,73,1
e9ad16cf-ff09-4c0c-a57b-1e4bdca5f2d3.jpg,163,195,34,72,1
e9fc0097-d373-443f-bdbe-e9b498daeccf.jpg,165,197,36,70,1
ea05ca5a-86b4-443c-98aa-6116641d9f7f.jpg,103,181,4,90,1
ea188bdb-7b69-4be0-b3ce-d36399368d7f.jpg,180,206,49,74,2
ea3879bd-ba9d-4019-9d99-ba488b0617b9.jpg,129,172,79,144,1
ea5c9bce-824a-4893-8b3f-bd4bb92f931e.jpg,151,215,30,110,1
eaab5895-e3c4-410c-b797-437a485a4898.jpg,66,122,53,128,1
eb71a532-360f-4075-a6bf-37d647d5479a.jpg,161,185,50,75,2
ebb281f1-4e4c-4fab-8298-66853f421877.jpg,7,74,30,105,1
ebb49d98-7bbb-4e32-9f3a-1dff9c8fac36.jpg,168,198,35,70,1
ec2f9465-0684-44bd-8bb0-a77cd6ddc3a7.jpg,84,144,42,98,2
ec8d4bc2-19ce-43fa-88c7-f09e9990c324.jpg,68,115,57,102,2
ec9e08b4-630a-4c48-b690-df5c4f30b61e.jpg,19,84,22,92,1
ed169d87-8b97-4c09-aafb-ecad9e0b752e.jpg,47,102,39,94,1
eda6a069-cdc5-44d9-ae98-ae8854466be1.jpg,128,154,51,76,2
ee00321e-6af7-48af-b6bb-49deadcfb6d6.jpg,80,132,46,108,2
ee038b37-a609-4d69-96a5-8ff88202c3c2.jpg,154,208,13,81,1
eea6593b-f21d-4118-ae0b-d06f0a987e0e.jpg,166,209,9,69,1
ef03f386-6514-41a1-b58a-2da7c09e4ac9.jpg,54,118,24,88,2
ef4bcb29-2290-4d49-8add-4714d00a2411.jpg,165,195,35,70,1
ef5b4f8a-72d1-440c-b3c6-07679823c087.jpg,49,102,25,81,1
ef8d8e75-c9b5-43c2-9263-873625aa187c.jpg,175,217,76,112,2
efd6d80e-84e9-4a6a-974f-c25e6c8a4af7.jpg,171,221,39,96,1
efd82e66-c88d-4521-8ef8-2c1b893169d5.jpg,119,204,45,140,1
f02326bf-f670-4e2d-9601-9bb70212b18f.jpg,159,202,24,77,1
f0f27de0-a2d9-43ee-9c85-118bd0f3a8a4.jpg,70,160,21,106,2
f101496d-8a95-4c60-bc7d-9cc51b189a93.jpg,162,185,50,73,2
f1e3b28c-0c0e-464d-a83b-dfff3dcb3671.jpg,149,199,39,85,2
f1f8b01b-9e6b-4fef-9228-3782e200e1a0.jpg,130,169,65,106,2
f215ba46-52a3-421d-bc84-aa4eb07a36bf.jpg,117,186,5,78,1
f2266f86-6ecb-4f37-8507-22723169f995.jpg,45,89,14,48,2
f28eb8ed-90e8-4a14-a477-7f1ae6096aab.jpg,32,82,52,91,2
f34596d5-3d20-4a2a-ac85-97265559db25.jpg,163,193,33,69,1
f3712c1a-3df9-46f1-9245-583784ca2451.jpg,160,186,50,72,2
f3b08d67-198e-43e3-8544-cbdc1a759a53.jpg,143,180,53,86,2
f479edf3-ed95-452d-bb69-74456109ddc7.jpg,143,192,69,110,2
f48e93a6-1619-4335-9160-2214661c0971.jpg,175,198,51,72,2
f4f6e1be-8ac7-4a19-baa3-def1c5621d9c.jpg,150,221,52,116,1
f5af5c5d-8799-49e3-84e7-65130f4898e2.jpg,159,192,38,73,1
f633c222-57c0-489c-9bd3-694ecd982433.jpg,143,174,57,94,1
f6774ab4-6cb3-4d0d-bce8-1806d3c5eaf9.jpg,162,185,50,72,2
f67da37b-bf74-47f1-8c07-97e18d574571.jpg,168,198,35,69,1
f6bad6b2-3455-4a50-984a-2517c3552da8.jpg,56,84,15,51,1
f701d977-6946-4d73-baf7-4eb0970eae3d.jpg,166,199,36,70,1
f703de33-f493-4306-b20c-9cd34d06fac8.jpg,110,140,18,52,1
f81e4b74-1068-471d-8afe-2b1e910ae0ad.jpg,165,196,34,72,1
f83bb046-18ff-4e48-9f2d-ba4f723471e6.jpg,100,153,62,123,2
f844fe90-56c1-4326-9dde-6abb6ad9c252.jpg,49,124,68,123,2
f8918990-3613-41ea-b97d-aabdae4ad73e.jpg,165,191,35,71,1
f8e06838-1e7b-4a4d-962e-fe056a3f973a.jpg,107,136,1,36,1
f8fd6644-1d5d-4857-8322-ebc737d0a0aa.jpg,97,135,47,80,2
f9241565-8b65-4fc9-b068-1b71c197e04e.jpg,21,61,31,62,2
f94f4736-bd23-444b-ac18-46a73823d49e.jpg,0,53,34,91,1
f99f03c1-dfce-4605-bf2b-c9801b4a7bb0.jpg,87,157,36,99,2
f9cbdcfb-cf4c-44eb-abf6-0a4fb3e6b1d8.jpg,161,184,49,72,2
fa5a1702-37ad-4a6d-b29c-fe9b3148aa1c.jpg,171,219,67,110,2
fa9ed9f7-0600-4339-959f-6a6915dca0e1.jpg,164,196,35,72,1
faebc521-3f6e-4c86-8736-e2aad0c24d81.jpg,41,65,17,49,1
fc56fb4a-5a89-48d4-a7e8-1af9ab13b81d.jpg,162,185,50,73,2
fc5f36e1-5c03-46b7-ae73-a8fa0f386d60.jpg,84,107,52,70,2
fc9a131c-84fb-4d25-9df4-62c2ce6cb8c6.jpg,131,168,36,93,1
fcf0db61-e189-4489-bbbc-a1d3812a40e3.jpg,146,204,35,94,2
fd2569c9-6d91-4119-9c59-d8558e423af5.jpg,160,192,36,71,1
fd623302-19af-45c2-82ec-5f150ec85a2f.jpg,111,130,49,66,2
fd95d5c1-06bb-43c0-b384-771676c30115.jpg,68,119,49,103,1
fdc6d5f1-2247-47f3-b064-481094ef193e.jpg,141,222,0,92,1
fde8373b-6268-4374-bd42-b8327ac6db0a.jpg,85,114,105,140,1
fe17fede-d304-401f-87fd-5f49db8bfd63.jpg,161,186,49,72,2
fe2e1ec6-e373-43a6-8d26-adc07bda9ff1.jpg,153,208,13,82,1
fe5c2ed1-b532-479f-9a25-499365088865.jpg,34,84,41,125,1
feb263aa-ab04-4725-85ae-8864044aee88.jpg,165,196,36,73,1
ff3e23ea-e671-4c30-915b-ec4ee2eb3f4d.jpg,154,192,45,80,2
